case_id,freq_rad_s,hAExp,flow_fraction,sin_mag_pcm,stop_time_s,gain,gain_dB,phase_deg,r_squared,n_cycles,delta_gain_dB_vs_baseline,delta_phase_deg_vs_baseline
freq0p005_exp0_ff1,0.005,0.0,1.0,1.0,12054.0,601.1804548209369,55.58009705302139,70.65430009049552,0.9868748457222514,8.00071898922958,0.0,0.0
freq0p005_exp0p25_ff1,0.005,0.25,1.0,1.0,12054.0,601.1804548209369,55.58009705302139,70.65430009049552,0.9868748457222514,8.00071898922958,0.0,0.0
freq0p005_exp0p33_ff1,0.005,0.33,1.0,1.0,12054.0,601.1804548209369,55.58009705302139,70.65430009049552,0.9868748457222514,8.00071898922958,0.0,0.0
freq0p005_exp0p5_ff1,0.005,0.5,1.0,1.0,12054.0,601.1804548209369,55.58009705302139,70.65430009049552,0.9868748457222514,8.00071898922958,0.0,0.0
freq0p005_exp0p8_ff1,0.005,0.8,1.0,1.0,12054.0,601.1804548209369,55.58009705302139,70.65430009049552,0.9868748457222514,8.00071898922958,0.0,0.0
freq0p02_exp0_ff1,0.02,0.0,1.0,1.0,4514.0,988.3526238994175,59.898238391578204,-18.286603338222257,0.9885297679529268,8.002310538660497,0.0,0.0
freq0p02_exp0p25_ff1,0.02,0.25,1.0,1.0,4514.0,988.3526238994175,59.898238391578204,-18.286603338222257,0.9885297679529268,8.002310538660497,0.0,0.0
freq0p02_exp0p33_ff1,0.02,0.33,1.0,1.0,4514.0,988.3526238994175,59.898238391578204,-18.286603338222257,0.9885297679529268,8.002310538660497,0.0,0.0
freq0p02_exp0p5_ff1,0.02,0.5,1.0,1.0,4514.0,988.3526238994175,59.898238391578204,-18.286603338222257,0.9885297679529268,8.002310538660497,0.0,0.0
freq0p02_exp0p8_ff1,0.02,0.8,1.0,1.0,4514.0,988.3526238994175,59.898238391578204,-18.286603338222257,0.9885297679529268,8.002310538660497,0.0,0.0
freq0p1_exp0_ff1,0.1,0.0,1.0,1.0,4000.0,408.90176026937985,52.23237960280268,-34.19193816497437,0.9949429179980651,31.830988618379067,0.0,0.0
freq0p1_exp0p25_ff1,0.1,0.25,1.0,1.0,4000.0,408.90176026937985,52.23237960280268,-34.19193816497437,0.9949429179980651,31.830988618379067,0.0,0.0
freq0p1_exp0p33_ff1,0.1,0.33,1.0,1.0,4000.0,408.90176026937985,52.23237960280268,-34.19193816497437,0.9949429179980651,31.830988618379067,0.0,0.0
freq0p1_exp0p5_ff1,0.1,0.5,1.0,1.0,4000.0,408.90176026937985,52.23237960280268,-34.19193816497437,0.9949429179980651,31.830988618379067,0.0,0.0
freq0p1_exp0p8_ff1,0.1,0.8,1.0,1.0,4000.0,408.90176026937985,52.23237960280268,-34.19193816497437,0.9949429179980651,31.830988618379067,0.0,0.0
freq0p005_exp0_ff0p66,0.005,0.0,0.66,1.0,12054.0,579.3067662321891,55.25817202070243,67.84568709317954,0.987430285831075,8.00071898922958,0.007529202924956735,0.7895381778105195
freq0p005_exp0p25_ff0p66,0.005,0.25,0.66,1.0,12054.0,578.8180993227116,55.25084205616469,67.22118905917901,0.9874483712337666,8.00071898922958,0.00019923838721780385,0.1650401438099965
freq0p005_exp0p33_ff0p66,0.005,0.33,0.66,1.0,12054.0,578.8048224487499,55.250642817777475,67.05614891536902,0.9874487953530617,8.00071898922958,0.0,0.0
freq0p005_exp0p5_ff0p66,0.005,0.5,0.66,1.0,12054.0,577.0702860894432,55.224574252778005,66.56492235571471,0.9875174636546896,8.00071898922958,-0.026068564999469857,-0.4912265596543029
freq0p005_exp0p8_ff0p66,0.005,0.8,0.66,1.0,12054.0,572.6899480979557,55.15839120814044,65.6576868941355,0.9876473259248818,8.00071898922958,-0.0922516096370316,-1.398462021233525
freq0p02_exp0_ff0p66,0.02,0.0,0.66,1.0,4514.0,948.2282487312738,59.53825778543325,-15.177701434574342,0.9903452924595413,8.002310538660497,0.09644475317103485,-1.1127157782734913
freq0p02_exp0p25_ff0p66,0.02,0.25,0.66,1.0,4514.0,940.1194123281163,59.4636604086204,-14.313850048556034,0.9907118123370836,8.002310538660497,0.021847376358181236,-0.24886439225518445
freq0p02_exp0p33_ff0p66,0.02,0.33,0.66,1.0,4514.0,937.7577275319356,59.44181303226222,-14.06498565630085,0.990827766214493,8.002310538660497,0.0,0.0
freq0p02_exp0p5_ff0p66,0.02,0.5,0.66,1.0,4514.0,933.037456887788,59.3979815778913,-13.502673278625657,0.9910701199028552,8.002310538660497,-0.043831454370916845,0.5623123776751924
freq0p02_exp0p8_ff0p66,0.02,0.8,0.66,1.0,4514.0,925.8020148219314,59.33036243204871,-12.428669816420621,0.9914869125362783,8.002310538660497,-0.11145060021350872,1.636315839880229
freq0p1_exp0_ff0p66,0.1,0.0,0.66,1.0,4000.0,405.10462146033365,52.15134395344084,-34.64072051095499,0.9953819865792672,31.830988618379067,-0.01279510469476719,-0.01334284371758001
freq0p1_exp0p25_ff0p66,0.1,0.25,0.66,1.0,4000.0,405.5555491343409,52.16100696281816,-34.629479157837274,0.9955014477285588,31.830988618379067,-0.003132095317447181,-0.002101490599859646
freq0p1_exp0p33_ff0p66,0.1,0.33,0.66,1.0,4000.0,405.70181713200594,52.16413905813561,-34.62737766723742,0.995542078772006,31.830988618379067,0.0,0.0
freq0p1_exp0p5_ff0p66,0.1,0.5,0.66,1.0,4000.0,405.99880135024773,52.17049502781278,-34.62474769752233,0.995614994458616,31.830988618379067,0.006355969677166229,0.0026299697150813546
freq0p1_exp0p8_ff0p66,0.1,0.8,0.66,1.0,4000.0,406.483181382766,52.18085161932669,-34.623446282276795,0.9957177253280844,31.830988618379067,0.01671256119107767,0.003931384960620728
