case_id,grid,hAExp,flow_fraction,property_set,property_scale,step_pcm,pre_steady_power_W,peak_power_W,time_of_peak_s,post_steady_power_W,overshoot_fraction,decay_ratio,pre_steady_tout_C,post_steady_tout_C,delta_tout_C,hA_W_per_K,delta_tout_raw_C,nostep_delta_tout_C,time_of_second_peak_s
gridA_exp0_ff1,gridA,0.0,1.0,nominal,1.0,100.0,999999.9527295546,1945004.721986821,2032.0,999998.8223284386,0.9450070125662663,0.09647583897296647,569.1987722408327,577.9561443286093,8.75736890111341,4565.0,8.757372087776616,3.1866632070887135e-06,2332.0
gridA_exp0p25_ff1,gridA,0.25,1.0,nominal,1.0,100.0,999999.9527295546,1945004.721986821,2032.0,999998.8223284386,0.9450070125662663,0.09647583897296647,569.1987722408327,577.9561443286093,8.75736890111341,4565.0,8.757372087776616,3.1866632070887135e-06,2332.0
gridA_exp0p33_ff1,gridA,0.33,1.0,nominal,1.0,100.0,999999.9527295546,1945004.721986821,2032.0,999998.8223284386,0.9450070125662663,0.09647583897296647,569.1987722408327,577.9561443286093,8.75736890111341,4565.0,8.757372087776616,3.1866632070887135e-06,2332.0
gridA_exp0p5_ff1,gridA,0.5,1.0,nominal,1.0,100.0,999999.9527295546,1945004.721986821,2032.0,999998.8223284386,0.9450070125662663,0.09647583897296647,569.1987722408327,577.9561443286093,8.75736890111341,4565.0,8.757372087776616,3.1866632070887135e-06,2332.0
gridA_exp0p8_ff1,gridA,0.8,1.0,nominal,1.0,100.0,999999.9527295546,1945004.721986821,2032.0,999998.8223284386,0.9450070125662663,0.09647583897296647,569.1987722408327,577.9561443286093,8.75736890111341,4565.0,8.757372087776616,3.1866632070887135e-06,2332.0
gridA_exp0_ff0p66,gridA,0.0,0.66,nominal,1.0,100.0,1000225.5596150944,1914570.907343178,2032.0,999998.5262947625,0.9145737288605098,0.10301822676607363,572.994099613629,581.7261892879457,8.757302714610091,4565.0,8.732089674316626,-0.025213040293465383,2330.0
gridA_exp0p25_ff0p66,gridA,0.25,0.66,nominal,1.0,100.0,999853.433551227,1913153.671516934,2032.0,999997.2341365333,0.9131589630534158,0.10462983169692797,572.3930293283399,581.0522609902202,8.757606881893821,4114.591890125312,8.659231661880312,-0.09837522001350862,2332.0
gridA_exp0p33_ff0p66,gridA,0.33,0.66,nominal,1.0,100.0,999729.7102249708,1912703.287198211,2032.0,999996.6125915581,0.9127097663274204,0.10510145274014143,572.1929029888236,580.8200516497249,8.75775733493117,3980.06606155633,8.627148660901298,-0.13060867402987242,2333.0
gridA_exp0p5_ff0p66,gridA,0.5,0.66,nominal,1.0,100.0,999462.6903711512,1911752.424458177,2032.0,999994.8222470203,0.9117623230912419,0.10604033684370587,571.756328098566,580.2982433226472,8.758216118882729,3708.623531716316,8.541915224081208,-0.21630089480152037,2334.0
gridA_exp0p8_ff0p66,gridA,0.8,0.66,nominal,1.0,100.0,998990.3835955564,1910101.671200722,2032.0,999989.4529710237,0.9101218173108774,0.10751675458890919,570.9534210977238,579.2766037674116,8.759805208042394,3273.979308151807,8.323182669687867,-0.436622538354527,2336.0
gridB_rho_cp_fuel_x0p9,gridB,0.33,1.0,rho_cp_fuel,0.9,100.0,1000159.7734704707,1841366.458450236,2028.0,999998.847634494,0.8413685803798718,0.1274783033575403,570.4753150414019,579.2406344457112,8.757313935662182,4565.0,8.765319404309253,0.008005468647070302,2274.0
gridB_rho_cp_fuel_x1p1,gridB,0.33,1.0,rho_cp_fuel,1.1,100.0,999892.3999417339,2051590.997624345,2036.0,999998.7490307075,1.0515935641048941,0.07790351286948638,568.2446198482342,576.9955729054386,8.757420779181416,4565.0,8.75095305720447,-0.00646772197694645,2384.0
gridB_kFuel_x0p9,gridB,0.33,1.0,kFuel,0.9,100.0,999999.9527295546,1945004.721986821,2032.0,999998.8223284386,0.9450070125662663,0.09647583897296647,569.1987722408327,577.9561443286093,8.75736890111341,4565.0,8.757372087776616,3.1866632070887135e-06,2332.0
gridB_kFuel_x1p1,gridB,0.33,1.0,kFuel,1.1,100.0,999999.9527295546,1945004.721986821,2032.0,999998.8223284386,0.9450070125662663,0.09647583897296647,569.1987722408327,577.9561443286093,8.75736890111341,4565.0,8.757372087776616,3.1866632070887135e-06,2332.0
gridB_hAnom_x0p9,gridB,0.33,1.0,hAnom,0.9,100.0,999628.0187960799,1943398.449134113,2032.0,999997.6674349424,0.9434029822480022,0.09847446856966624,568.563190043073,577.2536393648182,8.757684018830105,4108.5,8.690449321745291,-0.06723469708481389,2334.0
gridB_hAnom_x1p1,gridB,0.33,1.0,hAnom,1.1,100.0,1000297.6115392158,1946446.320569793,2032.0,999999.3482497521,0.9464475891674918,0.09447276985534575,569.7384535995052,578.5284029705006,8.757213539517352,5021.5,8.789949370995373,0.03273583147802128,2329.0
