power,heatLossEnabled,fuelTempSetPointNode1,fuelTempSetPointNode2,graphiteTempSetPoint,Tmix_0,heatExchanger.TpIn_0,heatExchanger.TpOut_0,heatExchanger.TsIn_0,heatExchanger.TsOut_0,heatExchanger.T_PN1_0,heatExchanger.T_PN2_0,heatExchanger.T_PN3_0,heatExchanger.T_PN4_0,heatExchanger.T_TN1_0,heatExchanger.T_TN2_0,heatExchanger.T_SN1_0,heatExchanger.T_SN2_0,heatExchanger.T_SN3_0,heatExchanger.T_SN4_0,pipeHXtoUHX.T_0,pipeUHXtoHX.T_0,dhrs.T_0,pipeDHRStoHX.T_0,pipeHXtoCore.T_0,pipeCoreToDHRS.T_0,uhx.Tp_0,TF1_0_regions[1],TF1_0_regions[2],TF1_0_regions[3],TF1_0_regions[4],TF1_0_regions[5],TF1_0_regions[6],TF1_0_regions[7],TF1_0_regions[8],TF1_0_regions[9],TF2_0_regions[1],TF2_0_regions[2],TF2_0_regions[3],TF2_0_regions[4],TF2_0_regions[5],TF2_0_regions[6],TF2_0_regions[7],TF2_0_regions[8],TF2_0_regions[9],TG_0_regions[1],TG_0_regions[2],TG_0_regions[3],TG_0_regions[4],TG_0_regions[5],TG_0_regions[6],TG_0_regions[7],TG_0_regions[8],TG_0_regions[9],qualified
1e-05,0,569.9997177779295,569.9998055190044,569.9998833492967,569.999846333474,569.9998478439815,569.9996137013633,569.9989655576679,569.9990439121477,569.9997746187917,569.9997244371782,569.9996587305105,569.9996137013633,569.9996143684973,569.9995148532875,569.9989844164809,569.9990026277767,569.9990236304945,569.9990439121477,569.9990439121477,569.9989655576679,569.999847688408,569.9998478439815,569.999613934713,569.9998464113505,569.9989655576679,569.9996732505937,569.9996637098661,569.9998202093699,569.9999896237204,569.9996533533665,569.9997776656234,569.9999122588771,569.9996431918561,569.9997180422538,569.9997400890383,569.9997418607055,569.9998999720187,570.0000639095126,569.9997154431846,569.99984101206,569.9999714992537,569.9996766704126,569.9997514741925,569.9999097066278,569.999882802113,570.0001974608648,570.000193354845,569.9998257990778,570.0000760520637,570.0000731580114,569.9997362825599,569.9998065375445,1
0.0001,0,569.9981545924327,569.9990320032136,569.9998103063599,569.99944014839,569.9994552529932,569.9971138267044,569.9906323902712,569.991415934369,569.9987230011524,569.9982211847421,569.9975641182727,569.9971138267044,569.9971204986637,569.9961253460339,569.9908209779196,569.9910030911935,569.9912131180581,569.991415934369,569.991415934369,569.9906323902712,569.9994536970814,569.9994552529932,569.9971161608354,569.9994409261951,569.9906323902712,569.9977093189957,569.9976139117849,569.9991789069234,570.0008730509088,569.9975103472472,569.9987534694571,570.0000994019371,569.9974087315214,569.9981572355366,569.9983777039776,569.9983954205911,569.999976533465,570.00161590866,569.9981312447006,569.9993869337004,570.0006918062813,569.9977435172237,569.9984915547899,570.0000738797048,569.9998048345033,570.00295142177,570.0029103616093,569.9992348039511,570.0017373339143,570.0017083936476,569.9983396393142,569.9990421886698,1
0.001,0,569.9815459242133,569.99032003245,569.9981030633572,569.9944014827806,569.9945525306694,569.9711382677738,569.9063239016988,569.914159343317,569.9872300106571,569.9822118468626,569.9756411816071,569.9711382677738,569.9712049861267,569.9612534598426,569.9082097803155,569.9100309117609,569.9121311815929,569.914159343317,569.914159343317,569.9063239016988,569.9945369701362,569.9945525306694,569.971161608564,569.9944092630484,569.9063239016988,569.9770931899759,569.9761391180319,569.9917890699792,570.008730509302,569.9751034722739,569.9875346952998,570.0009940198835,569.9740873146638,569.9815723551436,569.9837770384109,569.9839542051776,569.9997653346508,570.0161590864038,569.9813124472327,569.993869338116,570.0069180633027,569.9774351728095,569.9849155482774,570.0007387970995,569.9980483440179,570.029514217407,570.0291036155942,569.9923480394382,570.0173733402698,570.017083936094,569.9833963935242,569.9904218856299,1
0.01,0,569.8154592575559,569.9032003342619,569.9810306268865,569.9440148417829,569.9455253220798,569.7113826944576,569.0632390387655,569.1415934542713,569.8723001231908,569.8221184902309,569.7564118301227,569.7113826944576,569.7120498777265,569.6125346170878,569.0820978215728,569.1003091372622,569.121311826979,569.1415934542713,569.1415934542962,569.0632390387598,569.9453697208429,569.9455253220797,569.7116161038927,569.9440926394432,569.0632390387518,569.7709319111,569.7613911986764,569.9178907001065,570.0873050871107,569.7510347412991,569.875346961326,570.0099401999032,569.7408731665819,569.8157235725511,569.837770392759,569.8395420636399,569.9976533385823,570.161590844188,569.8131244855591,569.9386933826123,570.0691806308909,569.7743517505977,569.8491555008533,570.0073879562128,569.9804834330737,570.2951421226046,570.2910361157604,569.923480391391,570.1737333709358,570.1708393355777,569.8339639422746,569.9042188639845,1
0.1,0,568.1554320508016,569.0327063265431,569.8103834226971,569.440867569951,569.4560849964452,567.1147769481206,560.6333311472675,561.4168722637817,568.7238708556865,568.2220804146917,567.5650461784479,567.1147769481206,567.121392008566,566.1262855427959,560.8219191218109,561.0040322559031,561.2140576263405,561.4168722637817,561.4168727612611,560.6333305267827,569.4545173415588,569.4560849774025,567.1171284097323,569.4416513870967,560.6333296552041,567.7101208304741,567.614845936869,569.1792720198137,570.8727763967704,567.5113387396267,568.7540709612156,570.0995580562271,567.4098129342867,568.1582549559832,568.3783029138718,568.3960867146069,569.9765874907538,571.6155359532158,568.1320578577629,569.3873153942682,570.691948241366,567.7445732118887,568.4926969345785,570.073426228297,569.8046490318288,572.9495561138865,572.9089739884246,569.2349708578531,571.7362279760022,571.7077363417842,568.340379221873,569.0429169115384,1
0.2,0,566.3098900106993,568.0645989948806,569.6206937185909,568.8809023635622,568.9112048178882,564.2284498716888,551.2655695390829,552.8326552760145,567.4467320829555,566.4431207380954,565.1290143309997,564.2284498716888,564.2417467423546,562.2514796137275,551.6427453297753,552.0069715995212,552.4270242026982,552.8326552760145,552.8326556921048,551.2655689959568,568.9080831511588,568.9112048012498,564.2331323534195,568.8824631880221,551.2655682667732,565.419311911391,565.2286066505576,568.3581273249329,571.745887162962,565.0215248347862,567.5074476147749,570.1989449269435,564.8183676488371,566.3153249087405,566.7559142796784,566.7914030882291,569.9531234084058,573.2315214049576,566.2631727999709,568.7741946638154,571.3837417663423,565.4879184476416,566.9840647106302,570.1474011861206,569.6095335322278,575.9013026100853,575.8195895224601,568.4697649095067,573.4737633131458,573.4162583114459,566.6799132406233,568.0849969564638,1
0.4,0,562.6188242997858,566.1283959533498,569.2412949098822,567.7609844125733,567.8214625602193,558.4558194652966,532.530068810203,535.6642437798447,564.8924744482249,562.8852225353957,560.2569733269576,558.4558194652966,558.4824771154018,554.5018908558953,533.2844203195843,534.0128728791165,534.8529798902863,535.6642437798447,535.6642440462907,532.5300684679545,567.8152322903384,567.8214625497145,558.4651648586926,567.7640995419573,532.5300680009776,560.8377104248804,560.4561510693374,566.7158323911958,573.4920710240655,560.0419228916381,565.0142073711075,570.3977028755885,559.6355075312026,562.6294923833188,563.5111432495513,563.5820454932608,569.90617400467,576.4634497470669,562.5254197048729,567.5479486736447,572.7673123452322,560.9746382646118,563.9668340125102,570.2953029596647,569.2192695033023,581.8046640811824,581.6407248066278,566.9393384062701,576.948752349458,576.8332442591866,563.3589998346707,566.1691702789351,1
0.6,0,558.9277247294664,564.1921625407198,568.8618528059848,566.6410359041278,566.7316871099789,552.6831529431204,513.7945318045598,518.4957961167341,562.3381826860597,559.3272895643807,555.3848967550979,552.6831529431204,552.7231727041017,546.752266169256,514.926059045086,516.0187379013487,517.2788993665057,518.4957961167341,518.4957962229129,513.7945316721941,566.7223485054391,566.7316871058998,552.697160845355,566.6457052041542,513.7945314861724,556.256076912627,555.6836599780131,565.0735185027055,575.2382555934309,555.0622837530055,562.5209402165131,570.5964467827459,554.4526069308828,558.9436185247819,560.2663456384765,560.3726589710714,569.8592159137345,579.6953824730874,558.7876333157269,566.3216823794039,574.1508700313459,556.4613165081947,560.9495587220546,570.4431902232125,568.828969061839,587.7081866915089,587.4619004660152,565.4088544576779,580.4237942341948,580.2502349114457,560.0379739799235,564.253273981694,1
0.8,0,555.2366292723137,562.2559332738355,568.4824391146034,565.5210913405093,565.6419153673831,546.9104900256382,495.0589988016318,501.3273524074912,559.7838945972469,555.7693602437754,550.5128238065079,546.9104900256382,546.96387201483,539.0026451681321,496.5677017423583,498.0246068883246,499.7048228019455,501.3273524074912,501.3273523527935,495.0589988654938,565.6294684545493,565.6419153693575,546.9291603968895,565.527314797968,495.058998961283,551.6744467947302,550.9111723336609,563.4312064532742,576.984439297551,550.0826482249997,560.0276765102437,570.7951930051779,549.2697107630188,555.2577511837047,557.0215512565068,557.163276200574,569.812257712694,582.92731337166,555.0498511408741,565.0954187566791,575.5344293724329,551.9480006786056,557.9322900160145,570.591093201113,568.4386972407768,593.6116019378542,593.2830656970884,563.8784089689462,583.8988088329886,583.6672296647021,556.7170212566177,562.3374142212822,1
1,0,551.5455202886499,560.3196921672341,568.1030132972616,564.4011347590235,564.5521302251981,541.1378124042059,476.3234515938274,484.1588945096323,557.2295926908208,552.2114168183373,545.6407363976076,541.1378124042059,541.2045573183154,531.2530096558105,478.2093302538844,480.0304616768275,482.1307320439211,484.1588945096323,484.1588942998258,476.3234518711338,564.5365751453473,564.5521302337615,541.1611450332211,564.4089123034294,476.3234522387154,547.0928039213339,546.1386702066611,561.7888877298046,578.7306254120566,545.1029974235572,557.5344025411962,570.9939350095045,544.0867978846411,551.5718671662603,553.7767467498163,553.9538822548286,569.7652974774606,586.1592482181171,551.3120557519708,563.8691479308605,576.917984850978,547.4346679365689,554.9150029890294,570.7389951256932,568.0484165576228,599.5150765281793,599.104250686463,562.3479468596267,587.3738449992416,587.0842298018042,553.3960328721799,560.421531171515,1
1.2,0,547.8544712216618,558.3835014632705,567.7235837957724,563.2812300569196,563.4624052745279,535.3652024113419,457.5879678601349,466.9905002137069,554.6753533647254,548.6535376118125,540.7687152307398,535.3652024113419,535.4453060637391,523.503440445498,459.8510222770815,462.0363800747445,464.5567048915007,466.9905002137069,466.9904998105342,457.5879683607194,563.4437411750241,563.4624052899092,535.3931985776297,563.2905621149822,457.5879690672058,542.5112182233719,541.3662348447547,560.1465956742582,580.4767934149827,540.1234174732706,555.0411716420683,571.1926886492,538.9039620676696,547.8860553281952,550.5319850278511,550.7445358048458,569.7183423883902,589.3911585236352,547.5743183046085,562.6429047176063,578.3015514791091,542.9214100233073,551.8977972620548,570.8868593112267,567.6581126393731,605.4184605145522,604.9253403618779,560.8174838977528,590.848810829512,590.5011818825045,550.0750720145427,558.505688861161,1
